job_id,train_lang,model,experiment,dataset,timestamp,d,std,n_neurons,n_layers,eval_dataset,baseline,delta_at_ablate,best_amp_delta,best_amp_scale,summary_path
25643593,arz,Qwen/Qwen3-8B,faithful_check,egyptian_arabic_wmt_mist,2026-04-15T11:38:30.179496,0.5,0.0,1928,297,faith_check_ar,0.746,0.012,0.016,1.1,runs/25643593/arz/Qwen_Qwen3-8B_faithfulness/patching_results/summary.txt
25643593,arz,Qwen/Qwen3-8B,faithful_check,egyptian_arabic_wmt_mist,2026-04-15T11:38:30.179496,0.5,0.0,1928,297,faith_check_zh,0.848,-0.008,0.008,1.05,runs/25643593/arz/Qwen_Qwen3-8B_faithfulness/patching_results/summary.txt
25643593,arz,Qwen/Qwen3-8B,faithful_check,egyptian_arabic_wmt_mist,2026-04-15T11:38:30.179496,0.5,0.0,1928,297,faith_check_de,0.836,-0.016,0.0,1.05,runs/25643593/arz/Qwen_Qwen3-8B_faithfulness/patching_results/summary.txt
25643593,arz,Qwen/Qwen3-8B,faithful_check,egyptian_arabic_wmt_mist,2026-04-15T11:38:30.179496,0.5,0.0,1928,297,faith_check_es,0.695,0.0,0.008,1.03,runs/25643593/arz/Qwen_Qwen3-8B_faithfulness/patching_results/summary.txt
25643593,arz,Qwen/Qwen3-8B,faithful_check,egyptian_arabic_wmt_mist,2026-04-15T11:38:30.179496,0.5,0.1,1504,197,faith_check_ar,0.746,0.012,0.02,1.3,runs/25643593/arz/Qwen_Qwen3-8B_faithfulness/patching_results/summary.txt
25643593,arz,Qwen/Qwen3-8B,faithful_check,egyptian_arabic_wmt_mist,2026-04-15T11:38:30.179496,0.5,0.1,1504,197,faith_check_zh,0.848,-0.008,0.008,1.07,runs/25643593/arz/Qwen_Qwen3-8B_faithfulness/patching_results/summary.txt
25643593,arz,Qwen/Qwen3-8B,faithful_check,egyptian_arabic_wmt_mist,2026-04-15T11:38:30.179496,0.5,0.1,1504,197,faith_check_de,0.836,-0.02,0.0,1.005,runs/25643593/arz/Qwen_Qwen3-8B_faithfulness/patching_results/summary.txt
25643593,arz,Qwen/Qwen3-8B,faithful_check,egyptian_arabic_wmt_mist,2026-04-15T11:38:30.179496,0.5,0.1,1504,197,faith_check_es,0.695,-0.008,0.004,1.07,runs/25643593/arz/Qwen_Qwen3-8B_faithfulness/patching_results/summary.txt
25643593,arz,Qwen/Qwen3-8B,faithful_check,egyptian_arabic_wmt_mist,2026-04-15T11:38:30.179496,0.5,0.2,1236,164,faith_check_ar,0.746,0.016,0.02,1.5,runs/25643593/arz/Qwen_Qwen3-8B_faithfulness/patching_results/summary.txt
25643593,arz,Qwen/Qwen3-8B,faithful_check,egyptian_arabic_wmt_mist,2026-04-15T11:38:30.179496,0.5,0.2,1236,164,faith_check_zh,0.848,-0.004,0.004,1.03,runs/25643593/arz/Qwen_Qwen3-8B_faithfulness/patching_results/summary.txt
25643593,arz,Qwen/Qwen3-8B,faithful_check,egyptian_arabic_wmt_mist,2026-04-15T11:38:30.179496,0.5,0.2,1236,164,faith_check_de,0.836,-0.023,0.0,1.04,runs/25643593/arz/Qwen_Qwen3-8B_faithfulness/patching_results/summary.txt
25643593,arz,Qwen/Qwen3-8B,faithful_check,egyptian_arabic_wmt_mist,2026-04-15T11:38:30.179496,0.5,0.2,1236,164,faith_check_es,0.695,-0.008,0.004,1.005,runs/25643593/arz/Qwen_Qwen3-8B_faithfulness/patching_results/summary.txt
25643593,arz,Qwen/Qwen3-8B,faithful_check,egyptian_arabic_wmt_mist,2026-04-15T11:38:30.179496,0.5,0.3,890,145,faith_check_ar,0.746,0.008,0.016,1.5,runs/25643593/arz/Qwen_Qwen3-8B_faithfulness/patching_results/summary.txt
25643593,arz,Qwen/Qwen3-8B,faithful_check,egyptian_arabic_wmt_mist,2026-04-15T11:38:30.179496,0.5,0.3,890,145,faith_check_zh,0.848,-0.004,0.012,1.5,runs/25643593/arz/Qwen_Qwen3-8B_faithfulness/patching_results/summary.txt
25643593,arz,Qwen/Qwen3-8B,faithful_check,egyptian_arabic_wmt_mist,2026-04-15T11:38:30.179496,0.5,0.3,890,145,faith_check_de,0.836,-0.02,0.004,1.03,runs/25643593/arz/Qwen_Qwen3-8B_faithfulness/patching_results/summary.txt
25643593,arz,Qwen/Qwen3-8B,faithful_check,egyptian_arabic_wmt_mist,2026-04-15T11:38:30.179496,0.5,0.3,890,145,faith_check_es,0.695,0.0,0.016,1.04,runs/25643593/arz/Qwen_Qwen3-8B_faithfulness/patching_results/summary.txt
25643593,de,Qwen/Qwen3-8B,faithful_check,german_wmt_mist,2026-04-19T10:23:11.948674,0.5,0.0,242,103,faith_check_ar,0.746,0.004,0.02,1.05,runs/25643593/de/Qwen_Qwen3-8B_faithfulness/patching_results/summary.txt
25643593,de,Qwen/Qwen3-8B,faithful_check,german_wmt_mist,2026-04-19T10:23:11.948674,0.5,0.0,242,103,faith_check_zh,0.848,-0.008,0.004,1.02,runs/25643593/de/Qwen_Qwen3-8B_faithfulness/patching_results/summary.txt
25643593,de,Qwen/Qwen3-8B,faithful_check,german_wmt_mist,2026-04-19T10:23:11.948674,0.5,0.0,242,103,faith_check_de,0.836,-0.004,0.0,1.09,runs/25643593/de/Qwen_Qwen3-8B_faithfulness/patching_results/summary.txt
25643593,de,Qwen/Qwen3-8B,faithful_check,german_wmt_mist,2026-04-19T10:23:11.948674,0.5,0.0,242,103,faith_check_es,0.695,0.0,0.012,1.005,runs/25643593/de/Qwen_Qwen3-8B_faithfulness/patching_results/summary.txt
25643593,de,Qwen/Qwen3-8B,faithful_check,german_wmt_mist,2026-04-19T10:23:11.948674,0.5,0.1,220,90,faith_check_ar,0.746,0.0,0.008,1.01,runs/25643593/de/Qwen_Qwen3-8B_faithfulness/patching_results/summary.txt
25643593,de,Qwen/Qwen3-8B,faithful_check,german_wmt_mist,2026-04-19T10:23:11.948674,0.5,0.1,220,90,faith_check_zh,0.848,-0.008,0.008,1.05,runs/25643593/de/Qwen_Qwen3-8B_faithfulness/patching_results/summary.txt
25643593,de,Qwen/Qwen3-8B,faithful_check,german_wmt_mist,2026-04-19T10:23:11.948674,0.5,0.1,220,90,faith_check_de,0.836,-0.012,0.004,1.09,runs/25643593/de/Qwen_Qwen3-8B_faithfulness/patching_results/summary.txt
25643593,de,Qwen/Qwen3-8B,faithful_check,german_wmt_mist,2026-04-19T10:23:11.948674,0.5,0.1,220,90,faith_check_es,0.695,0.004,0.008,1.1,runs/25643593/de/Qwen_Qwen3-8B_faithfulness/patching_results/summary.txt
25643593,de,Qwen/Qwen3-8B,faithful_check,german_wmt_mist,2026-04-19T10:23:11.948674,0.5,0.2,173,71,faith_check_ar,0.746,-0.004,0.012,1.5,runs/25643593/de/Qwen_Qwen3-8B_faithfulness/patching_results/summary.txt
25643593,de,Qwen/Qwen3-8B,faithful_check,german_wmt_mist,2026-04-19T10:23:11.948674,0.5,0.2,173,71,faith_check_zh,0.848,0.008,0.008,1.07,runs/25643593/de/Qwen_Qwen3-8B_faithfulness/patching_results/summary.txt
25643593,de,Qwen/Qwen3-8B,faithful_check,german_wmt_mist,2026-04-19T10:23:11.948674,0.5,0.2,173,71,faith_check_de,0.836,0.0,0.0,1.05,runs/25643593/de/Qwen_Qwen3-8B_faithfulness/patching_results/summary.txt
25643593,de,Qwen/Qwen3-8B,faithful_check,german_wmt_mist,2026-04-19T10:23:11.948674,0.5,0.2,173,71,faith_check_es,0.695,0.004,0.004,1.005,runs/25643593/de/Qwen_Qwen3-8B_faithfulness/patching_results/summary.txt
25643593,de,Qwen/Qwen3-8B,faithful_check,german_wmt_mist,2026-04-19T10:23:11.948674,0.5,0.3,125,45,faith_check_ar,0.746,0.004,0.004,1.5,runs/25643593/de/Qwen_Qwen3-8B_faithfulness/patching_results/summary.txt
25643593,de,Qwen/Qwen3-8B,faithful_check,german_wmt_mist,2026-04-19T10:23:11.948674,0.5,0.3,125,45,faith_check_zh,0.848,0.0,0.004,1.04,runs/25643593/de/Qwen_Qwen3-8B_faithfulness/patching_results/summary.txt
25643593,de,Qwen/Qwen3-8B,faithful_check,german_wmt_mist,2026-04-19T10:23:11.948674,0.5,0.3,125,45,faith_check_de,0.836,-0.008,0.0,1.04,runs/25643593/de/Qwen_Qwen3-8B_faithfulness/patching_results/summary.txt
25643593,de,Qwen/Qwen3-8B,faithful_check,german_wmt_mist,2026-04-19T10:23:11.948674,0.5,0.3,125,45,faith_check_es,0.695,-0.004,0.012,1.04,runs/25643593/de/Qwen_Qwen3-8B_faithfulness/patching_results/summary.txt
25643593,es,Qwen/Qwen3-8B,faithful_check,spanish_wmt_mist,2026-04-19T13:12:54.569727,0.5,0.0,3,3,faith_check_ar,0.746,-0.004,0.008,1.005,runs/25643593/es/Qwen_Qwen3-8B_faithfulness/patching_results/summary.txt
25643593,es,Qwen/Qwen3-8B,faithful_check,spanish_wmt_mist,2026-04-19T13:12:54.569727,0.5,0.0,3,3,faith_check_zh,0.848,0.0,0.004,1.01,runs/25643593/es/Qwen_Qwen3-8B_faithfulness/patching_results/summary.txt
25643593,es,Qwen/Qwen3-8B,faithful_check,spanish_wmt_mist,2026-04-19T13:12:54.569727,0.5,0.0,3,3,faith_check_de,0.836,-0.004,0.004,1.05,runs/25643593/es/Qwen_Qwen3-8B_faithfulness/patching_results/summary.txt
25643593,es,Qwen/Qwen3-8B,faithful_check,spanish_wmt_mist,2026-04-19T13:12:54.569727,0.5,0.0,3,3,faith_check_es,0.695,0.008,0.012,1.04,runs/25643593/es/Qwen_Qwen3-8B_faithfulness/patching_results/summary.txt
25643593,es,Qwen/Qwen3-8B,faithful_check,spanish_wmt_mist,2026-04-19T13:12:54.569727,0.5,0.1,3,3,faith_check_ar,0.746,-0.004,0.008,1.005,runs/25643593/es/Qwen_Qwen3-8B_faithfulness/patching_results/summary.txt
25643593,es,Qwen/Qwen3-8B,faithful_check,spanish_wmt_mist,2026-04-19T13:12:54.569727,0.5,0.1,3,3,faith_check_zh,0.848,0.0,0.004,1.01,runs/25643593/es/Qwen_Qwen3-8B_faithfulness/patching_results/summary.txt
25643593,es,Qwen/Qwen3-8B,faithful_check,spanish_wmt_mist,2026-04-19T13:12:54.569727,0.5,0.1,3,3,faith_check_de,0.836,-0.004,0.004,1.05,runs/25643593/es/Qwen_Qwen3-8B_faithfulness/patching_results/summary.txt
25643593,es,Qwen/Qwen3-8B,faithful_check,spanish_wmt_mist,2026-04-19T13:12:54.569727,0.5,0.1,3,3,faith_check_es,0.695,0.008,0.012,1.04,runs/25643593/es/Qwen_Qwen3-8B_faithfulness/patching_results/summary.txt
25643593,es,Qwen/Qwen3-8B,faithful_check,spanish_wmt_mist,2026-04-19T13:12:54.569727,0.5,0.2,2,2,faith_check_ar,0.746,-0.004,0.004,1.01,runs/25643593/es/Qwen_Qwen3-8B_faithfulness/patching_results/summary.txt
25643593,es,Qwen/Qwen3-8B,faithful_check,spanish_wmt_mist,2026-04-19T13:12:54.569727,0.5,0.2,2,2,faith_check_zh,0.848,0.0,0.004,1.02,runs/25643593/es/Qwen_Qwen3-8B_faithfulness/patching_results/summary.txt
25643593,es,Qwen/Qwen3-8B,faithful_check,spanish_wmt_mist,2026-04-19T13:12:54.569727,0.5,0.2,2,2,faith_check_de,0.836,0.004,0.004,1.05,runs/25643593/es/Qwen_Qwen3-8B_faithfulness/patching_results/summary.txt
25643593,es,Qwen/Qwen3-8B,faithful_check,spanish_wmt_mist,2026-04-19T13:12:54.569727,0.5,0.2,2,2,faith_check_es,0.695,-0.004,0.008,1.07,runs/25643593/es/Qwen_Qwen3-8B_faithfulness/patching_results/summary.txt
25643593,es,Qwen/Qwen3-8B,faithful_check,spanish_wmt_mist,2026-04-19T13:12:54.569727,0.5,0.3,1,1,faith_check_ar,0.746,-0.004,0.0,1.005,runs/25643593/es/Qwen_Qwen3-8B_faithfulness/patching_results/summary.txt
25643593,es,Qwen/Qwen3-8B,faithful_check,spanish_wmt_mist,2026-04-19T13:12:54.569727,0.5,0.3,1,1,faith_check_zh,0.848,0.004,0.004,1.01,runs/25643593/es/Qwen_Qwen3-8B_faithfulness/patching_results/summary.txt
25643593,es,Qwen/Qwen3-8B,faithful_check,spanish_wmt_mist,2026-04-19T13:12:54.569727,0.5,0.3,1,1,faith_check_de,0.836,0.0,0.0,1.005,runs/25643593/es/Qwen_Qwen3-8B_faithfulness/patching_results/summary.txt
25643593,es,Qwen/Qwen3-8B,faithful_check,spanish_wmt_mist,2026-04-19T13:12:54.569727,0.5,0.3,1,1,faith_check_es,0.695,0.0,0.008,1.5,runs/25643593/es/Qwen_Qwen3-8B_faithfulness/patching_results/summary.txt
25643593,zh,Qwen/Qwen3-8B,faithful_check,mandarin_chinese_wmt_mist,2026-04-15T14:28:11.028296,0.5,0.0,2857,322,faith_check_ar,0.746,-0.016,0.012,1.005,runs/25643593/zh/Qwen_Qwen3-8B_faithfulness/patching_results/summary.txt
25643593,zh,Qwen/Qwen3-8B,faithful_check,mandarin_chinese_wmt_mist,2026-04-15T14:28:11.028296,0.5,0.0,2857,322,faith_check_zh,0.848,-0.008,0.008,1.09,runs/25643593/zh/Qwen_Qwen3-8B_faithfulness/patching_results/summary.txt
25643593,zh,Qwen/Qwen3-8B,faithful_check,mandarin_chinese_wmt_mist,2026-04-15T14:28:11.028296,0.5,0.0,2857,322,faith_check_de,0.836,-0.031,-0.004,1.03,runs/25643593/zh/Qwen_Qwen3-8B_faithfulness/patching_results/summary.txt
25643593,zh,Qwen/Qwen3-8B,faithful_check,mandarin_chinese_wmt_mist,2026-04-15T14:28:11.028296,0.5,0.0,2857,322,faith_check_es,0.695,-0.023,0.012,1.05,runs/25643593/zh/Qwen_Qwen3-8B_faithfulness/patching_results/summary.txt
25643593,zh,Qwen/Qwen3-8B,faithful_check,mandarin_chinese_wmt_mist,2026-04-15T14:28:11.028296,0.5,0.1,2224,200,faith_check_ar,0.746,-0.012,0.016,1.05,runs/25643593/zh/Qwen_Qwen3-8B_faithfulness/patching_results/summary.txt
25643593,zh,Qwen/Qwen3-8B,faithful_check,mandarin_chinese_wmt_mist,2026-04-15T14:28:11.028296,0.5,0.1,2224,200,faith_check_zh,0.848,-0.012,0.004,1.04,runs/25643593/zh/Qwen_Qwen3-8B_faithfulness/patching_results/summary.txt
25643593,zh,Qwen/Qwen3-8B,faithful_check,mandarin_chinese_wmt_mist,2026-04-15T14:28:11.028296,0.5,0.1,2224,200,faith_check_de,0.836,0.012,0.004,1.07,runs/25643593/zh/Qwen_Qwen3-8B_faithfulness/patching_results/summary.txt
25643593,zh,Qwen/Qwen3-8B,faithful_check,mandarin_chinese_wmt_mist,2026-04-15T14:28:11.028296,0.5,0.1,2224,200,faith_check_es,0.695,-0.008,0.012,1.09,runs/25643593/zh/Qwen_Qwen3-8B_faithfulness/patching_results/summary.txt
25643593,zh,Qwen/Qwen3-8B,faithful_check,mandarin_chinese_wmt_mist,2026-04-15T14:28:11.028296,0.5,0.2,1813,160,faith_check_ar,0.746,0.016,0.012,1.3,runs/25643593/zh/Qwen_Qwen3-8B_faithfulness/patching_results/summary.txt
25643593,zh,Qwen/Qwen3-8B,faithful_check,mandarin_chinese_wmt_mist,2026-04-15T14:28:11.028296,0.5,0.2,1813,160,faith_check_zh,0.848,-0.008,0.004,1.005,runs/25643593/zh/Qwen_Qwen3-8B_faithfulness/patching_results/summary.txt
25643593,zh,Qwen/Qwen3-8B,faithful_check,mandarin_chinese_wmt_mist,2026-04-15T14:28:11.028296,0.5,0.2,1813,160,faith_check_de,0.836,-0.027,0.004,1.02,runs/25643593/zh/Qwen_Qwen3-8B_faithfulness/patching_results/summary.txt
25643593,zh,Qwen/Qwen3-8B,faithful_check,mandarin_chinese_wmt_mist,2026-04-15T14:28:11.028296,0.5,0.2,1813,160,faith_check_es,0.695,-0.008,0.008,1.04,runs/25643593/zh/Qwen_Qwen3-8B_faithfulness/patching_results/summary.txt
25643593,zh,Qwen/Qwen3-8B,faithful_check,mandarin_chinese_wmt_mist,2026-04-15T14:28:11.028296,0.5,0.3,1348,135,faith_check_ar,0.746,0.02,0.012,1.5,runs/25643593/zh/Qwen_Qwen3-8B_faithfulness/patching_results/summary.txt
25643593,zh,Qwen/Qwen3-8B,faithful_check,mandarin_chinese_wmt_mist,2026-04-15T14:28:11.028296,0.5,0.3,1348,135,faith_check_zh,0.848,0.0,0.008,1.01,runs/25643593/zh/Qwen_Qwen3-8B_faithfulness/patching_results/summary.txt
25643593,zh,Qwen/Qwen3-8B,faithful_check,mandarin_chinese_wmt_mist,2026-04-15T14:28:11.028296,0.5,0.3,1348,135,faith_check_de,0.836,-0.004,0.0,1.005,runs/25643593/zh/Qwen_Qwen3-8B_faithfulness/patching_results/summary.txt
25643593,zh,Qwen/Qwen3-8B,faithful_check,mandarin_chinese_wmt_mist,2026-04-15T14:28:11.028296,0.5,0.3,1348,135,faith_check_es,0.695,-0.004,0.004,1.02,runs/25643593/zh/Qwen_Qwen3-8B_faithfulness/patching_results/summary.txt
25643890,arz,Qwen/Qwen3-14B,fact_check,egyptian_arabic_smol_with_gen,2026-04-15T16:20:16.000166,0.5,0.0,423007,476,fact_check_english_smol_with_gen,0.871,-0.871,0.016,1.02,runs/25643890/arz/Qwen_Qwen3-14B_fact_check/patching_results/summary.txt
25643890,arz,Qwen/Qwen3-14B,fact_check,egyptian_arabic_smol_with_gen,2026-04-15T16:20:16.000166,0.5,0.0,423007,476,fact_check_egyptian_arabic_smol_with_gen,0.635,-0.635,0.05,1.03,runs/25643890/arz/Qwen_Qwen3-14B_fact_check/patching_results/summary.txt
25643890,arz,Qwen/Qwen3-14B,fact_check,egyptian_arabic_smol_with_gen,2026-04-15T16:20:16.000166,0.5,0.0,423007,476,fact_check_mandarin_chinese_smol_with_gen,0.743,-0.743,0.026,1.02,runs/25643890/arz/Qwen_Qwen3-14B_fact_check/patching_results/summary.txt
25643890,arz,Qwen/Qwen3-14B,fact_check,egyptian_arabic_smol_with_gen,2026-04-15T16:20:16.000166,0.5,0.1,213432,381,fact_check_english_smol_with_gen,0.871,-0.422,0.023,1.01,runs/25643890/arz/Qwen_Qwen3-14B_fact_check/patching_results/summary.txt
25643890,arz,Qwen/Qwen3-14B,fact_check,egyptian_arabic_smol_with_gen,2026-04-15T16:20:16.000166,0.5,0.1,213432,381,fact_check_egyptian_arabic_smol_with_gen,0.635,-0.201,0.057,1.04,runs/25643890/arz/Qwen_Qwen3-14B_fact_check/patching_results/summary.txt
25643890,arz,Qwen/Qwen3-14B,fact_check,egyptian_arabic_smol_with_gen,2026-04-15T16:20:16.000166,0.5,0.1,213432,381,fact_check_mandarin_chinese_smol_with_gen,0.743,-0.272,0.021,1.02,runs/25643890/arz/Qwen_Qwen3-14B_fact_check/patching_results/summary.txt
25643890,arz,Qwen/Qwen3-14B,fact_check,egyptian_arabic_smol_with_gen,2026-04-15T16:20:16.000166,0.5,0.2,139736,320,fact_check_english_smol_with_gen,0.871,-0.422,0.02,1.04,runs/25643890/arz/Qwen_Qwen3-14B_fact_check/patching_results/summary.txt
25643890,arz,Qwen/Qwen3-14B,fact_check,egyptian_arabic_smol_with_gen,2026-04-15T16:20:16.000166,0.5,0.2,139736,320,fact_check_egyptian_arabic_smol_with_gen,0.635,-0.201,0.057,1.04,runs/25643890/arz/Qwen_Qwen3-14B_fact_check/patching_results/summary.txt
25643890,arz,Qwen/Qwen3-14B,fact_check,egyptian_arabic_smol_with_gen,2026-04-15T16:20:16.000166,0.5,0.2,139736,320,fact_check_mandarin_chinese_smol_with_gen,0.743,-0.272,0.026,1.04,runs/25643890/arz/Qwen_Qwen3-14B_fact_check/patching_results/summary.txt
25643890,arz,Qwen/Qwen3-14B,fact_check,egyptian_arabic_smol_with_gen,2026-04-15T16:20:16.000166,0.5,0.3,80493,256,fact_check_english_smol_with_gen,0.871,-0.422,0.02,1.04,runs/25643890/arz/Qwen_Qwen3-14B_fact_check/patching_results/summary.txt
25643890,arz,Qwen/Qwen3-14B,fact_check,egyptian_arabic_smol_with_gen,2026-04-15T16:20:16.000166,0.5,0.3,80493,256,fact_check_egyptian_arabic_smol_with_gen,0.635,-0.201,0.057,1.05,runs/25643890/arz/Qwen_Qwen3-14B_fact_check/patching_results/summary.txt
25643890,arz,Qwen/Qwen3-14B,fact_check,egyptian_arabic_smol_with_gen,2026-04-15T16:20:16.000166,0.5,0.3,80493,256,fact_check_mandarin_chinese_smol_with_gen,0.743,-0.272,0.026,1.02,runs/25643890/arz/Qwen_Qwen3-14B_fact_check/patching_results/summary.txt
25643890,arz,Qwen/Qwen3-14B,fact_check,egyptian_arabic_smol_with_gen,2026-04-15T16:20:16.000166,1.5,0.0,2,2,fact_check_english_smol_with_gen,0.871,0.0,0.0,1.005,runs/25643890/arz/Qwen_Qwen3-14B_fact_check/patching_results/summary.txt
25643890,arz,Qwen/Qwen3-14B,fact_check,egyptian_arabic_smol_with_gen,2026-04-15T16:20:16.000166,1.5,0.0,2,2,fact_check_egyptian_arabic_smol_with_gen,0.635,0.0,0.013,1.02,runs/25643890/arz/Qwen_Qwen3-14B_fact_check/patching_results/summary.txt
25643890,arz,Qwen/Qwen3-14B,fact_check,egyptian_arabic_smol_with_gen,2026-04-15T16:20:16.000166,1.5,0.0,2,2,fact_check_mandarin_chinese_smol_with_gen,0.743,0.0,0.005,1.03,runs/25643890/arz/Qwen_Qwen3-14B_fact_check/patching_results/summary.txt
25643890,arz,Qwen/Qwen3-14B,fact_check,egyptian_arabic_smol_with_gen,2026-04-15T16:20:16.000166,1.5,0.1,1,1,fact_check_english_smol_with_gen,0.871,0.0,0.0,1.005,runs/25643890/arz/Qwen_Qwen3-14B_fact_check/patching_results/summary.txt
25643890,arz,Qwen/Qwen3-14B,fact_check,egyptian_arabic_smol_with_gen,2026-04-15T16:20:16.000166,1.5,0.1,1,1,fact_check_egyptian_arabic_smol_with_gen,0.635,0.006,0.013,1.07,runs/25643890/arz/Qwen_Qwen3-14B_fact_check/patching_results/summary.txt
25643890,arz,Qwen/Qwen3-14B,fact_check,egyptian_arabic_smol_with_gen,2026-04-15T16:20:16.000166,1.5,0.1,1,1,fact_check_mandarin_chinese_smol_with_gen,0.743,0.0,0.005,1.02,runs/25643890/arz/Qwen_Qwen3-14B_fact_check/patching_results/summary.txt
25643890,arz,Qwen/Qwen3-14B,fact_check,egyptian_arabic_smol_with_gen,2026-04-15T16:20:16.000166,1.5,0.2,1,1,fact_check_english_smol_with_gen,0.871,0.0,0.0,1.005,runs/25643890/arz/Qwen_Qwen3-14B_fact_check/patching_results/summary.txt
25643890,arz,Qwen/Qwen3-14B,fact_check,egyptian_arabic_smol_with_gen,2026-04-15T16:20:16.000166,1.5,0.2,1,1,fact_check_egyptian_arabic_smol_with_gen,0.635,0.006,0.013,1.07,runs/25643890/arz/Qwen_Qwen3-14B_fact_check/patching_results/summary.txt
25643890,arz,Qwen/Qwen3-14B,fact_check,egyptian_arabic_smol_with_gen,2026-04-15T16:20:16.000166,1.5,0.2,1,1,fact_check_mandarin_chinese_smol_with_gen,0.743,0.0,0.005,1.02,runs/25643890/arz/Qwen_Qwen3-14B_fact_check/patching_results/summary.txt
25643890,arz,Qwen/Qwen3-14B,fact_check,egyptian_arabic_smol_with_gen,2026-04-15T16:20:16.000166,1.5,0.3,1,1,fact_check_english_smol_with_gen,0.871,0.0,0.0,1.005,runs/25643890/arz/Qwen_Qwen3-14B_fact_check/patching_results/summary.txt
25643890,arz,Qwen/Qwen3-14B,fact_check,egyptian_arabic_smol_with_gen,2026-04-15T16:20:16.000166,1.5,0.3,1,1,fact_check_egyptian_arabic_smol_with_gen,0.635,0.006,0.013,1.07,runs/25643890/arz/Qwen_Qwen3-14B_fact_check/patching_results/summary.txt
25643890,arz,Qwen/Qwen3-14B,fact_check,egyptian_arabic_smol_with_gen,2026-04-15T16:20:16.000166,1.5,0.3,1,1,fact_check_mandarin_chinese_smol_with_gen,0.743,0.0,0.005,1.02,runs/25643890/arz/Qwen_Qwen3-14B_fact_check/patching_results/summary.txt
25643890,en,Qwen/Qwen3-14B,fact_check,english_smol_with_gen,2026-04-15T14:28:33.600511,0.5,0.0,740497,476,fact_check_english_smol_with_gen,0.871,-0.859,0.0,1.005,runs/25643890/en/Qwen_Qwen3-14B_fact_check/patching_results/summary.txt
25643890,en,Qwen/Qwen3-14B,fact_check,english_smol_with_gen,2026-04-15T14:28:33.600511,0.5,0.0,740497,476,fact_check_egyptian_arabic_smol_with_gen,0.635,-0.635,-0.013,1.005,runs/25643890/en/Qwen_Qwen3-14B_fact_check/patching_results/summary.txt
25643890,en,Qwen/Qwen3-14B,fact_check,english_smol_with_gen,2026-04-15T14:28:33.600511,0.5,0.0,740497,476,fact_check_mandarin_chinese_smol_with_gen,0.743,-0.738,0.021,1.01,runs/25643890/en/Qwen_Qwen3-14B_fact_check/patching_results/summary.txt
25643890,en,Qwen/Qwen3-14B,fact_check,english_smol_with_gen,2026-04-15T14:28:33.600511,0.5,0.1,575452,358,fact_check_english_smol_with_gen,0.871,-0.801,0.0,1.005,runs/25643890/en/Qwen_Qwen3-14B_fact_check/patching_results/summary.txt
25643890,en,Qwen/Qwen3-14B,fact_check,english_smol_with_gen,2026-04-15T14:28:33.600511,0.5,0.1,575452,358,fact_check_egyptian_arabic_smol_with_gen,0.635,-0.629,-0.006,1.005,runs/25643890/en/Qwen_Qwen3-14B_fact_check/patching_results/summary.txt
25643890,en,Qwen/Qwen3-14B,fact_check,english_smol_with_gen,2026-04-15T14:28:33.600511,0.5,0.1,575452,358,fact_check_mandarin_chinese_smol_with_gen,0.743,-0.738,0.016,1.01,runs/25643890/en/Qwen_Qwen3-14B_fact_check/patching_results/summary.txt
25643890,en,Qwen/Qwen3-14B,fact_check,english_smol_with_gen,2026-04-15T14:28:33.600511,0.5,0.2,448295,291,fact_check_english_smol_with_gen,0.871,-0.867,0.0,1.005,runs/25643890/en/Qwen_Qwen3-14B_fact_check/patching_results/summary.txt
25643890,en,Qwen/Qwen3-14B,fact_check,english_smol_with_gen,2026-04-15T14:28:33.600511,0.5,0.2,448295,291,fact_check_egyptian_arabic_smol_with_gen,0.635,-0.616,-0.006,1.005,runs/25643890/en/Qwen_Qwen3-14B_fact_check/patching_results/summary.txt
25643890,en,Qwen/Qwen3-14B,fact_check,english_smol_with_gen,2026-04-15T14:28:33.600511,0.5,0.2,448295,291,fact_check_mandarin_chinese_smol_with_gen,0.743,-0.738,0.021,1.01,runs/25643890/en/Qwen_Qwen3-14B_fact_check/patching_results/summary.txt
25643890,en,Qwen/Qwen3-14B,fact_check,english_smol_with_gen,2026-04-15T14:28:33.600511,0.5,0.3,290334,255,fact_check_english_smol_with_gen,0.871,-0.812,0.0,1.005,runs/25643890/en/Qwen_Qwen3-14B_fact_check/patching_results/summary.txt
25643890,en,Qwen/Qwen3-14B,fact_check,english_smol_with_gen,2026-04-15T14:28:33.600511,0.5,0.3,290334,255,fact_check_egyptian_arabic_smol_with_gen,0.635,-0.535,-0.013,1.005,runs/25643890/en/Qwen_Qwen3-14B_fact_check/patching_results/summary.txt
25643890,en,Qwen/Qwen3-14B,fact_check,english_smol_with_gen,2026-04-15T14:28:33.600511,0.5,0.3,290334,255,fact_check_mandarin_chinese_smol_with_gen,0.743,-0.66,0.016,1.01,runs/25643890/en/Qwen_Qwen3-14B_fact_check/patching_results/summary.txt
25643890,en,Qwen/Qwen3-14B,fact_check,english_smol_with_gen,2026-04-15T14:28:33.600511,1.5,0.0,293,81,fact_check_english_smol_with_gen,0.871,0.0,0.02,1.5,runs/25643890/en/Qwen_Qwen3-14B_fact_check/patching_results/summary.txt
25643890,en,Qwen/Qwen3-14B,fact_check,english_smol_with_gen,2026-04-15T14:28:33.600511,1.5,0.0,293,81,fact_check_egyptian_arabic_smol_with_gen,0.635,-0.006,0.019,1.02,runs/25643890/en/Qwen_Qwen3-14B_fact_check/patching_results/summary.txt
25643890,en,Qwen/Qwen3-14B,fact_check,english_smol_with_gen,2026-04-15T14:28:33.600511,1.5,0.0,293,81,fact_check_mandarin_chinese_smol_with_gen,0.743,0.005,0.005,1.02,runs/25643890/en/Qwen_Qwen3-14B_fact_check/patching_results/summary.txt
25643890,en,Qwen/Qwen3-14B,fact_check,english_smol_with_gen,2026-04-15T14:28:33.600511,1.5,0.1,228,75,fact_check_english_smol_with_gen,0.871,0.0,0.016,1.5,runs/25643890/en/Qwen_Qwen3-14B_fact_check/patching_results/summary.txt
25643890,en,Qwen/Qwen3-14B,fact_check,english_smol_with_gen,2026-04-15T14:28:33.600511,1.5,0.1,228,75,fact_check_egyptian_arabic_smol_with_gen,0.635,-0.006,0.019,1.3,runs/25643890/en/Qwen_Qwen3-14B_fact_check/patching_results/summary.txt
25643890,en,Qwen/Qwen3-14B,fact_check,english_smol_with_gen,2026-04-15T14:28:33.600511,1.5,0.1,228,75,fact_check_mandarin_chinese_smol_with_gen,0.743,0.005,0.005,1.03,runs/25643890/en/Qwen_Qwen3-14B_fact_check/patching_results/summary.txt
25643890,en,Qwen/Qwen3-14B,fact_check,english_smol_with_gen,2026-04-15T14:28:33.600511,1.5,0.2,202,65,fact_check_english_smol_with_gen,0.871,0.0,0.012,1.5,runs/25643890/en/Qwen_Qwen3-14B_fact_check/patching_results/summary.txt
25643890,en,Qwen/Qwen3-14B,fact_check,english_smol_with_gen,2026-04-15T14:28:33.600511,1.5,0.2,202,65,fact_check_egyptian_arabic_smol_with_gen,0.635,-0.006,0.019,1.1,runs/25643890/en/Qwen_Qwen3-14B_fact_check/patching_results/summary.txt
25643890,en,Qwen/Qwen3-14B,fact_check,english_smol_with_gen,2026-04-15T14:28:33.600511,1.5,0.2,202,65,fact_check_mandarin_chinese_smol_with_gen,0.743,0.0,0.005,1.03,runs/25643890/en/Qwen_Qwen3-14B_fact_check/patching_results/summary.txt
25643890,en,Qwen/Qwen3-14B,fact_check,english_smol_with_gen,2026-04-15T14:28:33.600511,1.5,0.3,132,49,fact_check_english_smol_with_gen,0.871,0.0,0.02,1.5,runs/25643890/en/Qwen_Qwen3-14B_fact_check/patching_results/summary.txt
25643890,en,Qwen/Qwen3-14B,fact_check,english_smol_with_gen,2026-04-15T14:28:33.600511,1.5,0.3,132,49,fact_check_egyptian_arabic_smol_with_gen,0.635,-0.006,0.019,1.07,runs/25643890/en/Qwen_Qwen3-14B_fact_check/patching_results/summary.txt
25643890,en,Qwen/Qwen3-14B,fact_check,english_smol_with_gen,2026-04-15T14:28:33.600511,1.5,0.3,132,49,fact_check_mandarin_chinese_smol_with_gen,0.743,0.0,0.005,1.03,runs/25643890/en/Qwen_Qwen3-14B_fact_check/patching_results/summary.txt
25643890,zh,Qwen/Qwen3-14B,fact_check,mandarin_chinese_smol_with_gen,2026-04-15T18:05:33.218622,0.5,0.0,461201,476,fact_check_english_smol_with_gen,0.871,-0.641,0.0,1.005,runs/25643890/zh/Qwen_Qwen3-14B_fact_check/patching_results/summary.txt
25643890,zh,Qwen/Qwen3-14B,fact_check,mandarin_chinese_smol_with_gen,2026-04-15T18:05:33.218622,0.5,0.0,461201,476,fact_check_egyptian_arabic_smol_with_gen,0.635,-0.358,0.013,1.005,runs/25643890/zh/Qwen_Qwen3-14B_fact_check/patching_results/summary.txt
25643890,zh,Qwen/Qwen3-14B,fact_check,mandarin_chinese_smol_with_gen,2026-04-15T18:05:33.218622,0.5,0.0,461201,476,fact_check_mandarin_chinese_smol_with_gen,0.743,-0.723,0.021,1.04,runs/25643890/zh/Qwen_Qwen3-14B_fact_check/patching_results/summary.txt
25643890,zh,Qwen/Qwen3-14B,fact_check,mandarin_chinese_smol_with_gen,2026-04-15T18:05:33.218622,0.5,0.1,299434,373,fact_check_english_smol_with_gen,0.871,-0.562,0.0,1.005,runs/25643890/zh/Qwen_Qwen3-14B_fact_check/patching_results/summary.txt
25643890,zh,Qwen/Qwen3-14B,fact_check,mandarin_chinese_smol_with_gen,2026-04-15T18:05:33.218622,0.5,0.1,299434,373,fact_check_egyptian_arabic_smol_with_gen,0.635,-0.119,0.013,1.005,runs/25643890/zh/Qwen_Qwen3-14B_fact_check/patching_results/summary.txt
25643890,zh,Qwen/Qwen3-14B,fact_check,mandarin_chinese_smol_with_gen,2026-04-15T18:05:33.218622,0.5,0.1,299434,373,fact_check_mandarin_chinese_smol_with_gen,0.743,-0.728,0.021,1.04,runs/25643890/zh/Qwen_Qwen3-14B_fact_check/patching_results/summary.txt
25643890,zh,Qwen/Qwen3-14B,fact_check,mandarin_chinese_smol_with_gen,2026-04-15T18:05:33.218622,0.5,0.2,226452,303,fact_check_english_smol_with_gen,0.871,-0.746,0.0,1.005,runs/25643890/zh/Qwen_Qwen3-14B_fact_check/patching_results/summary.txt
25643890,zh,Qwen/Qwen3-14B,fact_check,mandarin_chinese_smol_with_gen,2026-04-15T18:05:33.218622,0.5,0.2,226452,303,fact_check_egyptian_arabic_smol_with_gen,0.635,-0.616,0.013,1.01,runs/25643890/zh/Qwen_Qwen3-14B_fact_check/patching_results/summary.txt
25643890,zh,Qwen/Qwen3-14B,fact_check,mandarin_chinese_smol_with_gen,2026-04-15T18:05:33.218622,0.5,0.2,226452,303,fact_check_mandarin_chinese_smol_with_gen,0.743,-0.717,0.021,1.05,runs/25643890/zh/Qwen_Qwen3-14B_fact_check/patching_results/summary.txt
25643890,zh,Qwen/Qwen3-14B,fact_check,mandarin_chinese_smol_with_gen,2026-04-15T18:05:33.218622,0.5,0.3,136940,262,fact_check_english_smol_with_gen,0.871,-0.32,0.004,1.1,runs/25643890/zh/Qwen_Qwen3-14B_fact_check/patching_results/summary.txt
25643890,zh,Qwen/Qwen3-14B,fact_check,mandarin_chinese_smol_with_gen,2026-04-15T18:05:33.218622,0.5,0.3,136940,262,fact_check_egyptian_arabic_smol_with_gen,0.635,-0.107,0.019,1.01,runs/25643890/zh/Qwen_Qwen3-14B_fact_check/patching_results/summary.txt
25643890,zh,Qwen/Qwen3-14B,fact_check,mandarin_chinese_smol_with_gen,2026-04-15T18:05:33.218622,0.5,0.3,136940,262,fact_check_mandarin_chinese_smol_with_gen,0.743,-0.283,0.021,1.07,runs/25643890/zh/Qwen_Qwen3-14B_fact_check/patching_results/summary.txt
25644060,arz,Qwen/Qwen3-8B,fact_check,egyptian_arabic_smol_with_gen,2026-04-15T16:20:12.752086,0.5,0.0,90052,426,fact_check_english_smol_with_gen,0.766,-0.348,0.055,1.3,runs/25644060/arz/Qwen_Qwen3-8B_fact_check/patching_results/summary.txt
25644060,arz,Qwen/Qwen3-8B,fact_check,egyptian_arabic_smol_with_gen,2026-04-15T16:20:12.752086,0.5,0.0,90052,426,fact_check_egyptian_arabic_smol_with_gen,0.604,-0.082,0.013,1.02,runs/25644060/arz/Qwen_Qwen3-8B_fact_check/patching_results/summary.txt
25644060,arz,Qwen/Qwen3-8B,fact_check,egyptian_arabic_smol_with_gen,2026-04-15T16:20:12.752086,0.5,0.0,90052,426,fact_check_mandarin_chinese_smol_with_gen,0.702,-0.241,0.016,1.3,runs/25644060/arz/Qwen_Qwen3-8B_fact_check/patching_results/summary.txt
25644060,arz,Qwen/Qwen3-8B,fact_check,egyptian_arabic_smol_with_gen,2026-04-15T16:20:12.752086,0.5,0.1,39056,328,fact_check_english_smol_with_gen,0.766,-0.008,0.016,1.03,runs/25644060/arz/Qwen_Qwen3-8B_fact_check/patching_results/summary.txt
25644060,arz,Qwen/Qwen3-8B,fact_check,egyptian_arabic_smol_with_gen,2026-04-15T16:20:12.752086,0.5,0.1,39056,328,fact_check_egyptian_arabic_smol_with_gen,0.604,-0.063,0.006,1.02,runs/25644060/arz/Qwen_Qwen3-8B_fact_check/patching_results/summary.txt
25644060,arz,Qwen/Qwen3-8B,fact_check,egyptian_arabic_smol_with_gen,2026-04-15T16:20:12.752086,0.5,0.1,39056,328,fact_check_mandarin_chinese_smol_with_gen,0.702,-0.215,0.0,1.03,runs/25644060/arz/Qwen_Qwen3-8B_fact_check/patching_results/summary.txt
25644060,arz,Qwen/Qwen3-8B,fact_check,egyptian_arabic_smol_with_gen,2026-04-15T16:20:12.752086,0.5,0.2,27564,263,fact_check_english_smol_with_gen,0.766,0.031,0.047,1.05,runs/25644060/arz/Qwen_Qwen3-8B_fact_check/patching_results/summary.txt
25644060,arz,Qwen/Qwen3-8B,fact_check,egyptian_arabic_smol_with_gen,2026-04-15T16:20:12.752086,0.5,0.2,27564,263,fact_check_egyptian_arabic_smol_with_gen,0.604,-0.069,0.094,1.5,runs/25644060/arz/Qwen_Qwen3-8B_fact_check/patching_results/summary.txt
25644060,arz,Qwen/Qwen3-8B,fact_check,egyptian_arabic_smol_with_gen,2026-04-15T16:20:12.752086,0.5,0.2,27564,263,fact_check_mandarin_chinese_smol_with_gen,0.702,-0.162,0.0,1.03,runs/25644060/arz/Qwen_Qwen3-8B_fact_check/patching_results/summary.txt
25644060,arz,Qwen/Qwen3-8B,fact_check,egyptian_arabic_smol_with_gen,2026-04-15T16:20:12.752086,0.5,0.3,22172,222,fact_check_english_smol_with_gen,0.766,-0.094,0.02,1.01,runs/25644060/arz/Qwen_Qwen3-8B_fact_check/patching_results/summary.txt
25644060,arz,Qwen/Qwen3-8B,fact_check,egyptian_arabic_smol_with_gen,2026-04-15T16:20:12.752086,0.5,0.3,22172,222,fact_check_egyptian_arabic_smol_with_gen,0.604,-0.132,0.025,1.01,runs/25644060/arz/Qwen_Qwen3-8B_fact_check/patching_results/summary.txt
25644060,arz,Qwen/Qwen3-8B,fact_check,egyptian_arabic_smol_with_gen,2026-04-15T16:20:12.752086,0.5,0.3,22172,222,fact_check_mandarin_chinese_smol_with_gen,0.702,-0.215,0.0,1.03,runs/25644060/arz/Qwen_Qwen3-8B_fact_check/patching_results/summary.txt
25644060,en,Qwen/Qwen3-8B,fact_check,english_smol_with_gen,2026-04-15T15:40:27.133604,0.5,0.0,681494,428,fact_check_english_smol_with_gen,0.766,-0.766,0.078,1.04,runs/25644060/en/Qwen_Qwen3-8B_fact_check/patching_results/summary.txt
25644060,en,Qwen/Qwen3-8B,fact_check,english_smol_with_gen,2026-04-15T15:40:27.133604,0.5,0.0,681494,428,fact_check_egyptian_arabic_smol_with_gen,0.604,-0.604,0.0,1.02,runs/25644060/en/Qwen_Qwen3-8B_fact_check/patching_results/summary.txt
25644060,en,Qwen/Qwen3-8B,fact_check,english_smol_with_gen,2026-04-15T15:40:27.133604,0.5,0.0,681494,428,fact_check_mandarin_chinese_smol_with_gen,0.702,-0.702,-0.01,1.005,runs/25644060/en/Qwen_Qwen3-8B_fact_check/patching_results/summary.txt
25644060,en,Qwen/Qwen3-8B,fact_check,english_smol_with_gen,2026-04-15T15:40:27.133604,0.5,0.1,421831,352,fact_check_english_smol_with_gen,0.766,-0.766,0.086,1.04,runs/25644060/en/Qwen_Qwen3-8B_fact_check/patching_results/summary.txt
25644060,en,Qwen/Qwen3-8B,fact_check,english_smol_with_gen,2026-04-15T15:40:27.133604,0.5,0.1,421831,352,fact_check_egyptian_arabic_smol_with_gen,0.604,-0.604,0.0,1.005,runs/25644060/en/Qwen_Qwen3-8B_fact_check/patching_results/summary.txt
25644060,en,Qwen/Qwen3-8B,fact_check,english_smol_with_gen,2026-04-15T15:40:27.133604,0.5,0.1,421831,352,fact_check_mandarin_chinese_smol_with_gen,0.702,-0.702,0.0,1.005,runs/25644060/en/Qwen_Qwen3-8B_fact_check/patching_results/summary.txt
25644060,en,Qwen/Qwen3-8B,fact_check,english_smol_with_gen,2026-04-15T15:40:27.133604,0.5,0.2,336373,305,fact_check_english_smol_with_gen,0.766,-0.766,0.082,1.03,runs/25644060/en/Qwen_Qwen3-8B_fact_check/patching_results/summary.txt
25644060,en,Qwen/Qwen3-8B,fact_check,english_smol_with_gen,2026-04-15T15:40:27.133604,0.5,0.2,336373,305,fact_check_egyptian_arabic_smol_with_gen,0.604,-0.604,0.0,1.005,runs/25644060/en/Qwen_Qwen3-8B_fact_check/patching_results/summary.txt
25644060,en,Qwen/Qwen3-8B,fact_check,english_smol_with_gen,2026-04-15T15:40:27.133604,0.5,0.2,336373,305,fact_check_mandarin_chinese_smol_with_gen,0.702,-0.702,-0.016,1.01,runs/25644060/en/Qwen_Qwen3-8B_fact_check/patching_results/summary.txt
25644060,en,Qwen/Qwen3-8B,fact_check,english_smol_with_gen,2026-04-15T15:40:27.133604,0.5,0.3,281555,271,fact_check_english_smol_with_gen,0.766,-0.766,0.086,1.04,runs/25644060/en/Qwen_Qwen3-8B_fact_check/patching_results/summary.txt
25644060,en,Qwen/Qwen3-8B,fact_check,english_smol_with_gen,2026-04-15T15:40:27.133604,0.5,0.3,281555,271,fact_check_egyptian_arabic_smol_with_gen,0.604,-0.597,-0.013,1.01,runs/25644060/en/Qwen_Qwen3-8B_fact_check/patching_results/summary.txt
25644060,en,Qwen/Qwen3-8B,fact_check,english_smol_with_gen,2026-04-15T15:40:27.133604,0.5,0.3,281555,271,fact_check_mandarin_chinese_smol_with_gen,0.702,-0.702,-0.021,1.005,runs/25644060/en/Qwen_Qwen3-8B_fact_check/patching_results/summary.txt
25644060,zh,Qwen/Qwen3-8B,fact_check,mandarin_chinese_smol_with_gen,2026-04-15T16:54:04.307749,0.5,0.0,97286,414,fact_check_english_smol_with_gen,0.766,-0.215,0.109,1.3,runs/25644060/zh/Qwen_Qwen3-8B_fact_check/patching_results/summary.txt
25644060,zh,Qwen/Qwen3-8B,fact_check,mandarin_chinese_smol_with_gen,2026-04-15T16:54:04.307749,0.5,0.0,97286,414,fact_check_egyptian_arabic_smol_with_gen,0.604,-0.038,0.038,1.05,runs/25644060/zh/Qwen_Qwen3-8B_fact_check/patching_results/summary.txt
25644060,zh,Qwen/Qwen3-8B,fact_check,mandarin_chinese_smol_with_gen,2026-04-15T16:54:04.307749,0.5,0.0,97286,414,fact_check_mandarin_chinese_smol_with_gen,0.702,-0.173,0.016,1.04,runs/25644060/zh/Qwen_Qwen3-8B_fact_check/patching_results/summary.txt
25644060,zh,Qwen/Qwen3-8B,fact_check,mandarin_chinese_smol_with_gen,2026-04-15T16:54:04.307749,0.5,0.1,71773,309,fact_check_english_smol_with_gen,0.766,-0.215,0.062,1.1,runs/25644060/zh/Qwen_Qwen3-8B_fact_check/patching_results/summary.txt
25644060,zh,Qwen/Qwen3-8B,fact_check,mandarin_chinese_smol_with_gen,2026-04-15T16:54:04.307749,0.5,0.1,71773,309,fact_check_egyptian_arabic_smol_with_gen,0.604,-0.038,0.025,1.3,runs/25644060/zh/Qwen_Qwen3-8B_fact_check/patching_results/summary.txt
25644060,zh,Qwen/Qwen3-8B,fact_check,mandarin_chinese_smol_with_gen,2026-04-15T16:54:04.307749,0.5,0.1,71773,309,fact_check_mandarin_chinese_smol_with_gen,0.702,-0.173,-0.01,1.005,runs/25644060/zh/Qwen_Qwen3-8B_fact_check/patching_results/summary.txt
25644060,zh,Qwen/Qwen3-8B,fact_check,mandarin_chinese_smol_with_gen,2026-04-15T16:54:04.307749,0.5,0.2,60741,253,fact_check_english_smol_with_gen,0.766,-0.215,0.082,1.3,runs/25644060/zh/Qwen_Qwen3-8B_fact_check/patching_results/summary.txt
25644060,zh,Qwen/Qwen3-8B,fact_check,mandarin_chinese_smol_with_gen,2026-04-15T16:54:04.307749,0.5,0.2,60741,253,fact_check_egyptian_arabic_smol_with_gen,0.604,-0.038,0.025,1.05,runs/25644060/zh/Qwen_Qwen3-8B_fact_check/patching_results/summary.txt
25644060,zh,Qwen/Qwen3-8B,fact_check,mandarin_chinese_smol_with_gen,2026-04-15T16:54:04.307749,0.5,0.2,60741,253,fact_check_mandarin_chinese_smol_with_gen,0.702,-0.173,-0.01,1.01,runs/25644060/zh/Qwen_Qwen3-8B_fact_check/patching_results/summary.txt
25644060,zh,Qwen/Qwen3-8B,fact_check,mandarin_chinese_smol_with_gen,2026-04-15T16:54:04.307749,0.5,0.3,51283,229,fact_check_english_smol_with_gen,0.766,-0.215,0.102,1.3,runs/25644060/zh/Qwen_Qwen3-8B_fact_check/patching_results/summary.txt
25644060,zh,Qwen/Qwen3-8B,fact_check,mandarin_chinese_smol_with_gen,2026-04-15T16:54:04.307749,0.5,0.3,51283,229,fact_check_egyptian_arabic_smol_with_gen,0.604,-0.038,0.038,1.1,runs/25644060/zh/Qwen_Qwen3-8B_fact_check/patching_results/summary.txt
25644060,zh,Qwen/Qwen3-8B,fact_check,mandarin_chinese_smol_with_gen,2026-04-15T16:54:04.307749,0.5,0.3,51283,229,fact_check_mandarin_chinese_smol_with_gen,0.702,-0.173,-0.005,1.03,runs/25644060/zh/Qwen_Qwen3-8B_fact_check/patching_results/summary.txt
